Name,Phone,Drama
Aarav Sharma,9876543210,Hindi
Ishita Gupta,9876543211,English
Rohit Patel,9876543212,Odia
Priya Reddy,9876543213,Pantomime
Ananya Verma,9876543214,Hindi
Kartik Yadav,9876543215,English
Sneha Deshmukh,9876543216,Odia
Vikram Mehta,9876543217,Pantomime
Rhea Kapoor,9876543218,Hindi
Kabir Singh,9876543219,English
Aditi Joshi,9876543220,Odia
Rohan Agarwal,9876543221,Hindi
Tanvi Kapoor,9876543222,Pantomime
Aryan Bhatt,9876543223,English
Neha Iyer,9876543224,Odia
Siddharth Nair,9876543225,Hindi
Pooja Sharma,9876543226,Pantomime
Vishal Kumar,9876543227,English
Madhuri Sinha,9876543228,Odia
Abhishek Roy,9876543229,Hindi
Nisha Menon,9876543230,English
Harsh Vardhan,9876543231,Pantomime
Shalini Joshi,9876543232,Odia
Manish Gupta,9876543233,Hindi
Sanya Patel,9876543234,English
Aditya Verma,9876543235,Pantomime
Kiran Bhatt,9876543236,Odia
Ritika Deshmukh,9876543237,Hindi
Pradeep Yadav,9876543238,English
Neelam Reddy,9876543239,Odia
Siddharth Raj,9876543240,Hindi
Meenal Iyer,9876543241,Pantomime
Pankaj Mishra,9876543242,English
Ravi Sharma,9876543243,Odia
Nikita Kapoor,9876543244,Hindi
Kunal Patil,9876543245,Pantomime
Rohit Singh,9876543246,English
Simran Gupta,9876543247,Odia
Ajay Kumar,9876543248,Hindi
Komal Mehta,9876543249,English
Bharat Verma,9876543250,Odia
Aishwarya Yadav,9876543251,Hindi
Ankit Patel,9876543252,Pantomime
Nandini Rao,9876543253,English
Rahul Bhatt,9876543254,Odia
Varun Singh,9876543255,Hindi
Priya Ranjan,9876543256,Pantomime
Shivani Agarwal,9876543257,English
Rohit Sharma,9876543258,Odia
Aarohi Deshmukh,9876543259,Hindi
Krishna Kumar,9876543260,Pantomime
Aman Yadav,9876543261,English
Divya Reddy,9876543262,Odia
Arjun Mehta,9876543263,Hindi
Chandni Agarwal,9876543264,Pantomime
Arvind Patil,9876543265,English
Tanvi Yadav,9876543266,Odia
Kavya Joshi,9876543267,Hindi
Saurabh Ranjan,9876543268,Pantomime
Ananya Deshmukh,9876543269,English
Sanjeev Iyer,9876543270,Odia
Rishabh Kapoor,9876543271,Hindi
Madhav Singh,9876543272,English
Rekha Sharma,9876543273,Odia
Devendra Gupta,9876543274,Pantomime
Vandana Mehta,9876543275,English
Harish Kumar,9876543276,Hindi
Geeta Bhatt,9876543277,Odia
Nikita Joshi,9876543278,Pantomime
Amit Yadav,9876543279,English
Manisha Reddy,9876543280,Odia
Jatin Singh,9876543281,Hindi
Rina Kapoor,9876543282,Pantomime
Shubham Kumar,9876543283,English
Seema Patel,9876543284,Odia
Ramesh Bhatt,9876543285,Hindi
Neha Yadav,9876543286,English
Ravi Kumar,9876543287,Pantomime
Priyanka Mehta,9876543288,Odia
Vishal Sharma,9876543289,Hindi
Kajal Gupta,9876543290,English
Sumit Patil,9876543291,Pantomime
Ishwar Singh,9876543292,Odia
Rupali Deshmukh,9876543293,Hindi
Amitabh Raj,9876543294,English
Deepika Iyer,9876543295,Odia
Sandeep Verma,9876543296,Hindi
Gaurav Kapoor,9876543297,Pantomime
Rajat Joshi,9876543298,English
Shruti Reddy,9876543299,Odia
Devanshi Yadav,9876543300,Hindi
Anshika Agarwal,9876543301,Pantomime
Manoj Bhatt,9876543302,English
Neelam Patel,9876543303,Odia
Ravi Mehta,9876543304,Hindi
Simran Iyer,9876543305,Pantomime
Karthik Sharma,9876543306,English
Neha Deshmukh,9876543307,Odia
Nikhil Yadav,9876543308,Hindi
Tanya Kapoor,9876543309,English
Rashmi Patel,9876543310,Pantomime
Ravindra Singh,9876543311,Odia
Harleen Kaur,9876543312,Hindi
Shubhi Verma,9876543313,English
Manoj Sharma,9876543314,Pantomime
Sanjay Patel,9876543315,Odia
Isha Joshi,9876543316,Hindi
Varun Mehta,9876543317,English
Naveen Agarwal,9876543318,Odia
Priya Kapoor,9876543319,Hindi
Amit Kumar,9876543320,English
Gita Deshmukh,9876543321,Pantomime
Rachit Yadav,9876543322,Odia
Shubham Agarwal,9876543323,Hindi
Aarti Singh,9876543324,English
Ajay Mehta,9876543325,Odia
Anita Joshi,9876543326,Hindi
Ravi Raj,9876543327,Pantomime
Rohit Kumar,9876543328,English
Rakhi Sharma,9876543329,Odia
Ayaan Patel,9876543330,Hindi
Suman Iyer,9876543331,English
Sonali Kapoor,9876543332,Pantomime
Karan Yadav,9876543333,Odia
Tanvi Verma,9876543334,Hindi
Manik Agarwal,9876543335,English
Akhil Bhatt,9876543336,Pantomime
Sushma Mehta,9876543337,Odia
Kunal Reddy,9876543338,Hindi
Himanshi Patel,9876543339,English
Rishi Singh,9876543340,Pantomime
Sonia Deshmukh,9876543341,Odia
Neha Iyer,9876543342,Hindi
Deepak Sharma,9876543343,English
Vikas Kumar,9876543344,Pantomime
Shreya Gupta,9876543345,Odia
Sumit Joshi,9876543346,Hindi
Ritu Yadav,9876543347,English
Niharika Mehta,9876543348,Odia
Laxmi Reddy,9876543349,Hindi
Jai Singh,9876543350,English
Rupal Kapoor,9876543351,Pantomime
Rishabh Yadav,9876543352,Odia
Gaurav Kumar,9876543353,Hindi
Sandeep Sharma,9876543354,English
Rina Iyer,9876543355,Pantomime
Sanjana Patel,9876543356,Odia
Arvind Yadav,9876543357,Hindi
Kiran Agarwal,9876543358,English
Radhika Mehta,9876543359,Pantomime
Akash Verma,9876543360,Odia
Praveen Sharma,9876543361,Hindi
Bhavana Joshi,9876543362,English
Neelam Agarwal,9876543363,Pantomime
Ravi Yadav,9876543364,Odia
Shikha Patel,9876543365,Hindi
Rohini Deshmukh,9876543366,English
Mudit Singh,9876543367,Pantomime
Anil Joshi,9876543368,Odia